
{
    "region" : "ap-south-1",
    "configuration" : "Debug",
    "framework"     : "netcoreapp3.1",
    "self-contained" : false,
    "application"    : "NotesAPI",
    "environment"    : "NotesAPI-dev",
    "enable-xray"    : false,
    "enhanced-health-type" : "basic",
    "additional-options"   : "\"aws:autoscaling:launchconfiguration,SecurityGroups\"=\"sg-a17673d8,sg-081d529829352989d\";\"aws:ec2:vpc,Subnets\"=\"subnet-9aa6b9f2\"",
    "solution-stack"       : "64bit Amazon Linux 2 v2.1.3 running .NET Core",
    "environment-type"     : "SingleInstance",
    "cname"                : "notesapi-dev",
    "instance-type"        : "t2.micro",
    "key-pair"             : "",
    "instance-profile"     : "aws-elasticbeanstalk-ec2-role",
    "service-role"         : "aws-elasticbeanstalk-service-role",
    "proxy-server"         : "nginx"
}